{
  "project_info": {
    "project_number": "710342280652",
    "firebase_url": "https://fir-vapeempire.firebaseio.com",
    "project_id": "firebase-vapeempire",
    "storage_bucket": "firebase-vapeempire.appspot.com"
  },
  "client": [
    {
      "client_info": {
        "mobilesdk_app_id": "1:710342280652:android:565f5da281b430d1",
        "android_client_info": {
          "package_name": "com.vapeempire.app"
        }
      },
      "oauth_client": [
        {
          "client_id": "710342280652-c47tuk44jkeestfj9kgfq5lv109lceo9.apps.googleusercontent.com",
          "client_type": 3
        },
        {
          "client_id": "710342280652-mfm98suc9hakp8ib6pbaaclj8qu50flk.apps.googleusercontent.com",
          "client_type": 3
        },
        {
          "client_id": "710342280652-fi180sblt3lqcvlnqg1nbbsvfsqcl3vg.apps.googleusercontent.com",
          "client_type": 1,
          "android_info": {
            "package_name": "com.vapeempire.app",
            "certificate_hash": "04b5b2cf5d2f6ff0e1bcbf28b83f9aa681d69c18"
          }
        }
      ],
      "api_key": [
        {
          "current_key": "AIzaSyA-uycG6pCkb9ffWBQg2ZZRXTzNKy3L9uw"
        }
      ],
      "services": {
        "analytics_service": {
          "status": 1
        },
        "appinvite_service": {
          "status": 2,
          "other_platform_oauth_client": [
            {
              "client_id": "710342280652-c47tuk44jkeestfj9kgfq5lv109lceo9.apps.googleusercontent.com",
              "client_type": 3
            }
          ]
        },
        "ads_service": {
          "status": 2
        }
      }
    }
  ],
  "configuration_version": "1"
}